{
  "BTCUSDT": 1.0,
  "ETHUSDT": 1.0,
  "BNBUSDT": 1.0,
  "SOLUSDT": 0.8856249353474803,
  "ADAUSDT": 0.8029597785024416,
  "DOTUSDT": 1.0,
  "AVAXUSDT": 0.9234459064870039,
  "LINKUSDT": 0.6780999704835889,
  "UNIUSDT": 0.6004830736634059
}