{
  "BTCUSDT": 1.0,
  "ETHUSDT": 1.0,
  "BNBUSDT": 1.0,
  "SOLUSDT": 0.8882771649726123,
  "ADAUSDT": 0.8034622893865926,
  "DOTUSDT": 1.0,
  "AVAXUSDT": 0.9234544395511524,
  "LINKUSDT": 0.6780999704481682,
  "UNIUSDT": 0.6004830736796668
}