{
  "BTCUSDT": 1.0,
  "ETHUSDT": 1.0,
  "BCHUSDT": 0.9999992144768556,
  "XRPUSDT": 0.590764774557634,
  "LTCUSDT": 0.9999961367171788,
  "TRXUSDT": 0.9999996473006091,
  "ETCUSDT": 1.0,
  "LINKUSDT": 0.6780999704831745,
  "XLMUSDT": 0.6186869624403007,
  "ADAUSDT": 0.8029597784503817
}