{
  "BTCUSDT": 0.9999984417112782,
  "ETHUSDT": 1.0,
  "BNBUSDT": 1.0,
  "SOLUSDT": 0.8882768603528511,
  "ADAUSDT": 0.8034622893920259
}